layout,context,language,episode,full_demo_outcome,zero_action_outcome,zero_state_outcome,zero_state_action_outcome
original,correct,milk,0,neither,language_only,other_only,other_only
original,correct,milk,1,language_only,language_only,other_only,neither
original,correct,milk,2,language_only,language_only,other_only,other_only
original,correct,milk,3,language_only,language_only,other_only,other_only
original,correct,milk,4,language_only,language_only,neither,neither
original,correct,tomato_sauce,0,neither,neither,neither,language_only
original,correct,tomato_sauce,1,language_only,language_only,language_only,neither
original,correct,tomato_sauce,2,language_only,language_only,language_only,language_only
original,correct,tomato_sauce,3,language_only,neither,language_only,neither
original,correct,tomato_sauce,4,language_only,language_only,language_only,neither
original,wrong,milk,0,other_only,other_only,other_only,neither
original,wrong,milk,1,other_only,neither,other_only,other_only
original,wrong,milk,2,other_only,other_only,other_only,other_only
original,wrong,milk,3,other_only,other_only,neither,neither
original,wrong,milk,4,other_only,other_only,other_only,neither
original,wrong,tomato_sauce,0,other_only,other_only,language_only,language_only
original,wrong,tomato_sauce,1,other_only,other_only,language_only,neither
original,wrong,tomato_sauce,2,other_only,other_only,language_only,language_only
original,wrong,tomato_sauce,3,other_only,other_only,neither,neither
original,wrong,tomato_sauce,4,other_only,other_only,language_only,language_only
swap_milk_tomato,correct,milk,0,other_only,neither,neither,neither
swap_milk_tomato,correct,milk,1,other_only,other_only,neither,neither
swap_milk_tomato,correct,milk,2,other_only,other_only,neither,neither
swap_milk_tomato,correct,milk,3,other_only,neither,neither,neither
swap_milk_tomato,correct,milk,4,other_only,other_only,language_only,neither
swap_milk_tomato,correct,tomato_sauce,0,other_only,other_only,neither,neither
swap_milk_tomato,correct,tomato_sauce,1,other_only,other_only,neither,neither
swap_milk_tomato,correct,tomato_sauce,2,other_only,other_only,neither,neither
swap_milk_tomato,correct,tomato_sauce,3,other_only,neither,neither,neither
swap_milk_tomato,correct,tomato_sauce,4,other_only,other_only,other_only,neither
swap_milk_tomato,wrong,milk,0,neither,language_only,neither,neither
swap_milk_tomato,wrong,milk,1,neither,language_only,neither,neither
swap_milk_tomato,wrong,milk,2,language_only,neither,neither,neither
swap_milk_tomato,wrong,milk,3,language_only,language_only,neither,neither
swap_milk_tomato,wrong,milk,4,neither,language_only,neither,neither
swap_milk_tomato,wrong,tomato_sauce,0,language_only,language_only,neither,neither
swap_milk_tomato,wrong,tomato_sauce,1,language_only,language_only,neither,neither
swap_milk_tomato,wrong,tomato_sauce,2,language_only,language_only,neither,neither
swap_milk_tomato,wrong,tomato_sauce,3,language_only,neither,neither,neither
swap_milk_tomato,wrong,tomato_sauce,4,neither,language_only,other_only,neither
