label,tokens,valid_tokens,mass_percent,mean_per_valid_token_percent
当前主视角图像,256,256,5.784340607647779,0.022595080498624135
当前手腕图像,256,256,12.996029350903198,0.05076573965196562
当前右手图像（屏蔽）,256,0,0.0,0
语言,48,12,0.18577985569663721,0.015481654641386434
示范主视角压缩 token,32,32,0.8076758618316967,0.025239870682240522
示范手腕压缩 token,32,32,0.8559331260275378,0.026747910188360556
示范右手图像（屏蔽）,32,0,0.0,0
示范状态压缩 token,32,32,0.9814831388621313,0.030671348089441604
示范动作压缩 token,32,32,6.442098667030223,0.20131558334469446
当前状态,1,1,0.6425023078918457,0.6425023078918457
预测动作 token,50,50,71.28503341227768,1.4257006682455537
