episode,context,block,mass_percent
0,correct,当前主视角图像,5.784340607647779
0,correct,当前手腕图像,12.996029350903198
0,correct,当前右手图像（屏蔽）,0.0
0,correct,语言,0.18577985569663721
0,correct,示范主视角压缩 token,0.8076758618316967
0,correct,示范手腕压缩 token,0.8559331260275378
0,correct,示范右手图像（屏蔽）,0.0
0,correct,示范状态压缩 token,0.9814831388621313
0,correct,示范动作压缩 token,6.442098667030223
0,correct,当前状态,0.6425023078918457
0,correct,预测动作 token,71.28503341227768
0,no,当前主视角图像,4.876457454034604
0,no,当前手腕图像,13.488394084455486
0,no,当前右手图像（屏蔽）,0.0
0,no,语言,0.2605675730069379
0,no,示范主视角压缩 token,0.0
0,no,示范手腕压缩 token,0.0
0,no,示范右手图像（屏蔽）,0.0
0,no,示范状态压缩 token,0.0
0,no,示范动作压缩 token,0.0
0,no,当前状态,0.3548085689544678
0,no,预测动作 token,81.01048972050194
0,wrong,当前主视角图像,5.502435593371616
0,wrong,当前手腕图像,13.046364489820164
0,wrong,当前右手图像（屏蔽）,0.0
0,wrong,语言,0.17569475474374485
0,wrong,示范主视角压缩 token,0.8976284464651204
0,wrong,示范手腕压缩 token,0.8845998939881184
0,wrong,示范右手图像（屏蔽）,0.0
0,wrong,示范状态压缩 token,1.0296859939330716
0,wrong,示范动作压缩 token,6.5035908517893395
0,wrong,当前状态,0.4958987236022949
0,wrong,预测动作 token,71.45979067310691
1,correct,当前主视角图像,6.595993493847914
1,correct,当前手腕图像,11.605189251075247
1,correct,当前右手图像（屏蔽）,0.0
1,correct,语言,0.17895791338787603
1,correct,示范主视角压缩 token,0.9416892120693308
1,correct,示范手腕压缩 token,0.893873600033427
1,correct,示范右手图像（屏蔽）,0.0
1,correct,示范状态压缩 token,0.7088361144701594
1,correct,示范动作压缩 token,5.815460357698612
1,correct,当前状态,0.7806825637817383
1,correct,预测动作 token,72.46005323715508
1,no,当前主视角图像,5.44452270730554
1,no,当前手腕图像,12.221633462284212
1,no,当前右手图像（屏蔽）,0.0
1,no,语言,0.2990574946716151
1,no,示范主视角压缩 token,0.0
1,no,示范手腕压缩 token,0.0
1,no,示范右手图像（屏蔽）,0.0
1,no,示范状态压缩 token,0.0
1,no,示范动作压缩 token,0.0
1,no,当前状态,0.4368257522583008
1,no,预测动作 token,81.59737894049613
1,wrong,当前主视角图像,6.009063823240482
1,wrong,当前手腕图像,11.854382532112915
1,wrong,当前右手图像（屏蔽）,0.0
1,wrong,语言,0.15860563028468277
1,wrong,示范主视角压缩 token,1.2182316359043346
1,wrong,示范手腕压缩 token,1.1166759063603549
1,wrong,示范右手图像（屏蔽）,0.0
1,wrong,示范状态压缩 token,0.710739632160653
1,wrong,示范动作压缩 token,5.843044481589459
1,wrong,当前状态,0.5850505828857422
1,wrong,预测动作 token,72.49462375417352
2,correct,当前主视角图像,5.923258884614597
2,correct,当前手腕图像,12.564920755512363
2,correct,当前右手图像（屏蔽）,0.0
2,correct,语言,0.18320910724469286
2,correct,示范主视角压缩 token,0.8791060740461916
2,correct,示范手腕压缩 token,0.7781880814734073
2,correct,示范右手图像（屏蔽）,0.0
2,correct,示范状态压缩 token,0.7568093541112829
2,correct,示范动作压缩 token,6.199624991277233
2,correct,当前状态,0.8375573158264159
2,correct,预测动作 token,71.86399061232805
2,no,当前主视角图像,4.9350743677362985
2,no,当前手腕图像,12.039429308985525
2,no,当前右手图像（屏蔽）,0.0
2,no,语言,0.22157391706059568
2,no,示范主视角压缩 token,0.0
2,no,示范手腕压缩 token,0.0
2,no,示范右手图像（屏蔽）,0.0
2,no,示范状态压缩 token,0.0
2,no,示范动作压缩 token,0.0
2,no,当前状态,0.3888261318206787
2,no,预测动作 token,82.40972234576475
2,wrong,当前主视角图像,5.963976706965468
2,wrong,当前手腕图像,12.530898667981063
2,wrong,当前右手图像（屏蔽）,0.0
2,wrong,语言,0.17363036016831757
2,wrong,示范主视角压缩 token,0.8950942981143484
2,wrong,示范手腕压缩 token,0.7336272015567964
2,wrong,示范右手图像（屏蔽）,0.0
2,wrong,示范状态压缩 token,0.7908988466942901
2,wrong,示范动作压缩 token,6.005343495635316
2,wrong,当前状态,0.5812382698059082
2,wrong,预测动作 token,72.3294647783041
3,correct,当前主视角图像,6.5494330904270734
3,correct,当前手腕图像,12.71200280200288
3,correct,当前右手图像（屏蔽）,0.0
3,correct,语言,0.1768103761008888
3,correct,示范主视角压缩 token,0.5756720817059551
3,correct,示范手腕压缩 token,0.6384178074220255
3,correct,示范右手图像（屏蔽）,0.0
3,correct,示范状态压缩 token,1.0275484984913419
3,correct,示范动作压缩 token,6.998547774273903
3,correct,当前状态,0.6278896331787109
3,correct,预测动作 token,70.69266563281417
3,no,当前主视角图像,7.666571711509499
3,no,当前手腕图像,12.164820064523923
3,no,当前右手图像（屏蔽）,0.0
3,no,语言,0.534105109391021
3,no,示范主视角压缩 token,0.0
3,no,示范手腕压缩 token,0.0
3,no,示范右手图像（屏蔽）,0.0
3,no,示范状态压缩 token,0.0
3,no,示范动作压缩 token,0.0
3,no,当前状态,0.4124367237091064
3,no,预测动作 token,79.21366994938582
3,wrong,当前主视角图像,6.492675245249018
3,wrong,当前手腕图像,12.854020678029626
3,wrong,当前右手图像（屏蔽）,0.0
3,wrong,语言,0.17087294456416657
3,wrong,示范主视角压缩 token,0.808531905535766
3,wrong,示范手腕压缩 token,0.8257801115570846
3,wrong,示范右手图像（屏蔽）,0.0
3,wrong,示范状态压缩 token,1.07220519445832
3,wrong,示范动作压缩 token,6.241381273139269
3,wrong,当前状态,0.48384308815002436
3,wrong,预测动作 token,71.0477134026587
4,correct,当前主视角图像,6.025257468574523
4,correct,当前手腕图像,12.569343402324549
4,correct,当前右手图像（屏蔽）,0.0
4,correct,语言,0.16159455786805665
4,correct,示范主视角压缩 token,0.9850011454444082
4,correct,示范手腕压缩 token,0.9253433104527417
4,correct,示范右手图像（屏蔽）,0.0
4,correct,示范状态压缩 token,0.7325741582098999
4,correct,示范动作压缩 token,5.775702694372739
4,correct,当前状态,0.7466626167297363
4,correct,预测动作 token,72.07312835380436
4,no,当前主视角图像,5.523918212977498
4,no,当前手腕图像,12.22334653364431
4,no,当前右手图像（屏蔽）,0.0
4,no,语言,0.24835273351527576
4,no,示范主视角压缩 token,0.0
4,no,示范手腕压缩 token,0.0
4,no,示范右手图像（屏蔽）,0.0
4,no,示范状态压缩 token,0.0
4,no,示范动作压缩 token,0.0
4,no,当前状态,0.40255546569824224
4,no,预测动作 token,81.59344820684056
4,wrong,当前主视角图像,5.643854855723589
4,wrong,当前手腕图像,12.546963979297557
4,wrong,当前右手图像（屏蔽）,0.0
4,wrong,语言,0.14544284671046626
4,wrong,示范主视角压缩 token,1.2376207103303867
4,wrong,示范手腕压缩 token,1.195551393307503
4,wrong,示范右手图像（屏蔽）,0.0
4,wrong,示范状态压缩 token,0.7231316388674713
4,wrong,示范动作压缩 token,5.4440096515463665
4,wrong,当前状态,0.5591058731079102
4,wrong,预测动作 token,72.50708507373929
