episode,camera,comparison,spatial_tv
0,Front camera,no - correct,0.3950640753811503
0,Front camera,wrong - correct,0.0546671617624178
0,Wrist camera,no - correct,0.849296089052429
0,Wrist camera,wrong - correct,0.06322607742957931
1,Front camera,no - correct,0.4525708755139196
1,Front camera,wrong - correct,0.05786915521620905
1,Wrist camera,no - correct,0.825080035317961
1,Wrist camera,wrong - correct,0.08032938304538942
2,Front camera,no - correct,0.4211226110738911
2,Front camera,wrong - correct,0.06027451093007178
2,Wrist camera,no - correct,0.8346963005552418
2,Wrist camera,wrong - correct,0.07093443227414467
3,Front camera,no - correct,0.4919012216934247
3,Front camera,wrong - correct,0.04966940582468849
3,Wrist camera,no - correct,0.820751470232102
3,Wrist camera,wrong - correct,0.061026020958817234
4,Front camera,no - correct,0.44246801287871185
4,Front camera,wrong - correct,0.05099863355460492
4,Wrist camera,no - correct,0.8419969222778356
4,Wrist camera,wrong - correct,0.06520375441351266
