layout,language,context,variant,trials,milk_in_basket,tomato_sauce_in_basket,language_successes,other_successes,demo_identity,demo_position_occupant,demo_position_occupant_successes,language_only,other_only,both,neither,distractor_ever_in_basket
original,milk,correct,full_demo,5,4,0,4,0,milk,milk,4,4,0,0,1,0
original,milk,correct,zero_demo_action,5,5,0,5,0,milk,milk,5,5,0,0,0,0
original,tomato_sauce,correct,full_demo,5,0,4,4,0,tomato_sauce,tomato_sauce,4,4,0,0,1,0
original,tomato_sauce,correct,zero_demo_action,5,0,3,3,0,tomato_sauce,tomato_sauce,3,3,0,0,2,0
original,milk,wrong,full_demo,5,0,5,0,5,tomato_sauce,tomato_sauce,5,0,5,0,0,0
original,milk,wrong,zero_demo_action,5,0,4,0,4,tomato_sauce,tomato_sauce,4,0,4,0,1,0
original,tomato_sauce,wrong,full_demo,5,5,0,0,5,milk,milk,5,0,5,0,0,0
original,tomato_sauce,wrong,zero_demo_action,5,5,0,0,5,milk,milk,5,0,5,0,0,0
original,milk,no,no_reference,5,0,0,0,0,,,,0,0,0,5,0
original,tomato_sauce,no,no_reference,5,0,0,0,0,,,,0,0,0,5,0
swap_milk_tomato,milk,correct,full_demo,5,0,5,0,5,milk,tomato_sauce,5,0,5,0,0,0
swap_milk_tomato,milk,correct,zero_demo_action,5,0,3,0,3,milk,tomato_sauce,3,0,3,0,2,0
swap_milk_tomato,tomato_sauce,correct,full_demo,5,5,0,0,5,tomato_sauce,milk,5,0,5,0,0,0
swap_milk_tomato,tomato_sauce,correct,zero_demo_action,5,4,0,0,4,tomato_sauce,milk,4,0,4,0,1,0
swap_milk_tomato,milk,wrong,full_demo,5,2,0,2,0,tomato_sauce,milk,2,2,0,0,3,0
swap_milk_tomato,milk,wrong,zero_demo_action,5,4,0,4,0,tomato_sauce,milk,4,4,0,0,1,0
swap_milk_tomato,tomato_sauce,wrong,full_demo,5,0,4,4,0,milk,tomato_sauce,4,4,0,0,1,0
swap_milk_tomato,tomato_sauce,wrong,zero_demo_action,5,0,4,4,0,milk,tomato_sauce,4,4,0,0,1,0
swap_milk_tomato,milk,no,no_reference,5,0,0,0,0,,,,0,0,0,5,0
swap_milk_tomato,tomato_sauce,no,no_reference,5,0,0,0,0,,,,0,0,0,5,0
