layout,context,language,episode,before,after,baseline_video,zero_video,baseline_language_success,zero_language_success,rollout_seconds
original,correct,milk,0,neither,language_only,/data/zjc/workspace/ContextFlow/logs/quickstart/position_swap_object_25trials_20260922_175506/original/correct/videos/pick_up_the_milk_and_place_it_in_the_basket/ep000_neither.mp4,rollouts/original/correct/videos/pick_up_the_milk_and_place_it_in_the_basket/ep000_language_only.mp4,False,True,23.21040499024093
original,correct,milk,1,language_only,language_only,/data/zjc/workspace/ContextFlow/logs/quickstart/position_swap_object_25trials_20260922_175506/original/correct/videos/pick_up_the_milk_and_place_it_in_the_basket/ep001_language_only.mp4,rollouts/original/correct/videos/pick_up_the_milk_and_place_it_in_the_basket/ep001_language_only.mp4,True,True,22.56224145926535
original,correct,milk,2,language_only,language_only,/data/zjc/workspace/ContextFlow/logs/quickstart/position_swap_object_25trials_20260922_175506/original/correct/videos/pick_up_the_milk_and_place_it_in_the_basket/ep002_language_only.mp4,rollouts/original/correct/videos/pick_up_the_milk_and_place_it_in_the_basket/ep002_language_only.mp4,True,True,21.984840754419565
original,correct,milk,3,language_only,language_only,/data/zjc/workspace/ContextFlow/logs/quickstart/position_swap_object_25trials_20260922_175506/original/correct/videos/pick_up_the_milk_and_place_it_in_the_basket/ep003_language_only.mp4,rollouts/original/correct/videos/pick_up_the_milk_and_place_it_in_the_basket/ep003_language_only.mp4,True,True,21.78208453953266
original,correct,milk,4,language_only,language_only,/data/zjc/workspace/ContextFlow/logs/quickstart/position_swap_object_25trials_20260922_175506/original/correct/videos/pick_up_the_milk_and_place_it_in_the_basket/ep004_language_only.mp4,rollouts/original/correct/videos/pick_up_the_milk_and_place_it_in_the_basket/ep004_language_only.mp4,True,True,22.015926325693727
original,correct,tomato_sauce,0,neither,neither,/data/zjc/workspace/ContextFlow/logs/quickstart/position_swap_object_25trials_20260922_175506/original/correct/videos/pick_up_the_tomato_sauce_and_place_it_in_the_basket/ep000_neither.mp4,rollouts/original/correct/videos/pick_up_the_tomato_sauce_and_place_it_in_the_basket/ep000_neither.mp4,False,False,22.105760915204883
original,correct,tomato_sauce,1,language_only,language_only,/data/zjc/workspace/ContextFlow/logs/quickstart/position_swap_object_25trials_20260922_175506/original/correct/videos/pick_up_the_tomato_sauce_and_place_it_in_the_basket/ep001_language_only.mp4,rollouts/original/correct/videos/pick_up_the_tomato_sauce_and_place_it_in_the_basket/ep001_language_only.mp4,True,True,21.849512740969658
original,correct,tomato_sauce,2,language_only,language_only,/data/zjc/workspace/ContextFlow/logs/quickstart/position_swap_object_25trials_20260922_175506/original/correct/videos/pick_up_the_tomato_sauce_and_place_it_in_the_basket/ep002_language_only.mp4,rollouts/original/correct/videos/pick_up_the_tomato_sauce_and_place_it_in_the_basket/ep002_language_only.mp4,True,True,21.883851082995534
original,correct,tomato_sauce,3,language_only,neither,/data/zjc/workspace/ContextFlow/logs/quickstart/position_swap_object_25trials_20260922_175506/original/correct/videos/pick_up_the_tomato_sauce_and_place_it_in_the_basket/ep003_language_only.mp4,rollouts/original/correct/videos/pick_up_the_tomato_sauce_and_place_it_in_the_basket/ep003_neither.mp4,True,False,22.077441895380616
original,correct,tomato_sauce,4,language_only,language_only,/data/zjc/workspace/ContextFlow/logs/quickstart/position_swap_object_25trials_20260922_175506/original/correct/videos/pick_up_the_tomato_sauce_and_place_it_in_the_basket/ep004_language_only.mp4,rollouts/original/correct/videos/pick_up_the_tomato_sauce_and_place_it_in_the_basket/ep004_language_only.mp4,True,True,21.897125529125333
original,wrong,milk,0,other_only,other_only,/data/zjc/workspace/ContextFlow/logs/quickstart/position_swap_object_25trials_20260922_175506/original/wrong/videos/pick_up_the_milk_and_place_it_in_the_basket/ep000_other_only.mp4,rollouts/original/wrong/videos/pick_up_the_milk_and_place_it_in_the_basket/ep000_other_only.mp4,False,False,21.87187697738409
original,wrong,milk,1,other_only,neither,/data/zjc/workspace/ContextFlow/logs/quickstart/position_swap_object_25trials_20260922_175506/original/wrong/videos/pick_up_the_milk_and_place_it_in_the_basket/ep001_other_only.mp4,rollouts/original/wrong/videos/pick_up_the_milk_and_place_it_in_the_basket/ep001_neither.mp4,False,False,22.07899177260697
original,wrong,milk,2,other_only,other_only,/data/zjc/workspace/ContextFlow/logs/quickstart/position_swap_object_25trials_20260922_175506/original/wrong/videos/pick_up_the_milk_and_place_it_in_the_basket/ep002_other_only.mp4,rollouts/original/wrong/videos/pick_up_the_milk_and_place_it_in_the_basket/ep002_other_only.mp4,False,False,21.741970220580697
original,wrong,milk,3,other_only,other_only,/data/zjc/workspace/ContextFlow/logs/quickstart/position_swap_object_25trials_20260922_175506/original/wrong/videos/pick_up_the_milk_and_place_it_in_the_basket/ep003_other_only.mp4,rollouts/original/wrong/videos/pick_up_the_milk_and_place_it_in_the_basket/ep003_other_only.mp4,False,False,21.714884081855416
original,wrong,milk,4,other_only,other_only,/data/zjc/workspace/ContextFlow/logs/quickstart/position_swap_object_25trials_20260922_175506/original/wrong/videos/pick_up_the_milk_and_place_it_in_the_basket/ep004_other_only.mp4,rollouts/original/wrong/videos/pick_up_the_milk_and_place_it_in_the_basket/ep004_other_only.mp4,False,False,21.772454034537077
original,wrong,tomato_sauce,0,other_only,other_only,/data/zjc/workspace/ContextFlow/logs/quickstart/position_swap_object_25trials_20260922_175506/original/wrong/videos/pick_up_the_tomato_sauce_and_place_it_in_the_basket/ep000_other_only.mp4,rollouts/original/wrong/videos/pick_up_the_tomato_sauce_and_place_it_in_the_basket/ep000_other_only.mp4,False,False,21.607133459299803
original,wrong,tomato_sauce,1,other_only,other_only,/data/zjc/workspace/ContextFlow/logs/quickstart/position_swap_object_25trials_20260922_175506/original/wrong/videos/pick_up_the_tomato_sauce_and_place_it_in_the_basket/ep001_other_only.mp4,rollouts/original/wrong/videos/pick_up_the_tomato_sauce_and_place_it_in_the_basket/ep001_other_only.mp4,False,False,21.886198796331882
original,wrong,tomato_sauce,2,other_only,other_only,/data/zjc/workspace/ContextFlow/logs/quickstart/position_swap_object_25trials_20260922_175506/original/wrong/videos/pick_up_the_tomato_sauce_and_place_it_in_the_basket/ep002_other_only.mp4,rollouts/original/wrong/videos/pick_up_the_tomato_sauce_and_place_it_in_the_basket/ep002_other_only.mp4,False,False,21.73730432242155
original,wrong,tomato_sauce,3,other_only,other_only,/data/zjc/workspace/ContextFlow/logs/quickstart/position_swap_object_25trials_20260922_175506/original/wrong/videos/pick_up_the_tomato_sauce_and_place_it_in_the_basket/ep003_other_only.mp4,rollouts/original/wrong/videos/pick_up_the_tomato_sauce_and_place_it_in_the_basket/ep003_other_only.mp4,False,False,21.787955805659294
original,wrong,tomato_sauce,4,other_only,other_only,/data/zjc/workspace/ContextFlow/logs/quickstart/position_swap_object_25trials_20260922_175506/original/wrong/videos/pick_up_the_tomato_sauce_and_place_it_in_the_basket/ep004_other_only.mp4,rollouts/original/wrong/videos/pick_up_the_tomato_sauce_and_place_it_in_the_basket/ep004_other_only.mp4,False,False,21.731114737689495
swap_milk_tomato,correct,milk,0,other_only,neither,/data/zjc/workspace/ContextFlow/logs/quickstart/position_swap_object_25trials_20260922_175506/swap_milk_tomato/correct/videos/pick_up_the_milk_and_place_it_in_the_basket/ep000_other_only.mp4,rollouts/swap_milk_tomato/correct/videos/pick_up_the_milk_and_place_it_in_the_basket/ep000_neither.mp4,False,False,21.71419003047049
swap_milk_tomato,correct,milk,1,other_only,other_only,/data/zjc/workspace/ContextFlow/logs/quickstart/position_swap_object_25trials_20260922_175506/swap_milk_tomato/correct/videos/pick_up_the_milk_and_place_it_in_the_basket/ep001_other_only.mp4,rollouts/swap_milk_tomato/correct/videos/pick_up_the_milk_and_place_it_in_the_basket/ep001_other_only.mp4,False,False,21.817802285775542
swap_milk_tomato,correct,milk,2,other_only,other_only,/data/zjc/workspace/ContextFlow/logs/quickstart/position_swap_object_25trials_20260922_175506/swap_milk_tomato/correct/videos/pick_up_the_milk_and_place_it_in_the_basket/ep002_other_only.mp4,rollouts/swap_milk_tomato/correct/videos/pick_up_the_milk_and_place_it_in_the_basket/ep002_other_only.mp4,False,False,21.966146556660533
swap_milk_tomato,correct,milk,3,other_only,neither,/data/zjc/workspace/ContextFlow/logs/quickstart/position_swap_object_25trials_20260922_175506/swap_milk_tomato/correct/videos/pick_up_the_milk_and_place_it_in_the_basket/ep003_other_only.mp4,rollouts/swap_milk_tomato/correct/videos/pick_up_the_milk_and_place_it_in_the_basket/ep003_neither.mp4,False,False,21.876553311944008
swap_milk_tomato,correct,milk,4,other_only,other_only,/data/zjc/workspace/ContextFlow/logs/quickstart/position_swap_object_25trials_20260922_175506/swap_milk_tomato/correct/videos/pick_up_the_milk_and_place_it_in_the_basket/ep004_other_only.mp4,rollouts/swap_milk_tomato/correct/videos/pick_up_the_milk_and_place_it_in_the_basket/ep004_other_only.mp4,False,False,21.876569524407387
swap_milk_tomato,correct,tomato_sauce,0,other_only,other_only,/data/zjc/workspace/ContextFlow/logs/quickstart/position_swap_object_25trials_20260922_175506/swap_milk_tomato/correct/videos/pick_up_the_tomato_sauce_and_place_it_in_the_basket/ep000_other_only.mp4,rollouts/swap_milk_tomato/correct/videos/pick_up_the_tomato_sauce_and_place_it_in_the_basket/ep000_other_only.mp4,False,False,21.647047532722354
swap_milk_tomato,correct,tomato_sauce,1,other_only,other_only,/data/zjc/workspace/ContextFlow/logs/quickstart/position_swap_object_25trials_20260922_175506/swap_milk_tomato/correct/videos/pick_up_the_tomato_sauce_and_place_it_in_the_basket/ep001_other_only.mp4,rollouts/swap_milk_tomato/correct/videos/pick_up_the_tomato_sauce_and_place_it_in_the_basket/ep001_other_only.mp4,False,False,21.90297377295792
swap_milk_tomato,correct,tomato_sauce,2,other_only,other_only,/data/zjc/workspace/ContextFlow/logs/quickstart/position_swap_object_25trials_20260922_175506/swap_milk_tomato/correct/videos/pick_up_the_tomato_sauce_and_place_it_in_the_basket/ep002_other_only.mp4,rollouts/swap_milk_tomato/correct/videos/pick_up_the_tomato_sauce_and_place_it_in_the_basket/ep002_other_only.mp4,False,False,21.622022239491343
swap_milk_tomato,correct,tomato_sauce,3,other_only,neither,/data/zjc/workspace/ContextFlow/logs/quickstart/position_swap_object_25trials_20260922_175506/swap_milk_tomato/correct/videos/pick_up_the_tomato_sauce_and_place_it_in_the_basket/ep003_other_only.mp4,rollouts/swap_milk_tomato/correct/videos/pick_up_the_tomato_sauce_and_place_it_in_the_basket/ep003_neither.mp4,False,False,21.66943814791739
swap_milk_tomato,correct,tomato_sauce,4,other_only,other_only,/data/zjc/workspace/ContextFlow/logs/quickstart/position_swap_object_25trials_20260922_175506/swap_milk_tomato/correct/videos/pick_up_the_tomato_sauce_and_place_it_in_the_basket/ep004_other_only.mp4,rollouts/swap_milk_tomato/correct/videos/pick_up_the_tomato_sauce_and_place_it_in_the_basket/ep004_other_only.mp4,False,False,21.7756071947515
swap_milk_tomato,wrong,milk,0,neither,language_only,/data/zjc/workspace/ContextFlow/logs/quickstart/position_swap_object_25trials_20260922_175506/swap_milk_tomato/wrong/videos/pick_up_the_milk_and_place_it_in_the_basket/ep000_neither.mp4,rollouts/swap_milk_tomato/wrong/videos/pick_up_the_milk_and_place_it_in_the_basket/ep000_language_only.mp4,False,True,21.779006069526076
swap_milk_tomato,wrong,milk,1,neither,language_only,/data/zjc/workspace/ContextFlow/logs/quickstart/position_swap_object_25trials_20260922_175506/swap_milk_tomato/wrong/videos/pick_up_the_milk_and_place_it_in_the_basket/ep001_neither.mp4,rollouts/swap_milk_tomato/wrong/videos/pick_up_the_milk_and_place_it_in_the_basket/ep001_language_only.mp4,False,True,21.720650592818856
swap_milk_tomato,wrong,milk,2,language_only,neither,/data/zjc/workspace/ContextFlow/logs/quickstart/position_swap_object_25trials_20260922_175506/swap_milk_tomato/wrong/videos/pick_up_the_milk_and_place_it_in_the_basket/ep002_language_only.mp4,rollouts/swap_milk_tomato/wrong/videos/pick_up_the_milk_and_place_it_in_the_basket/ep002_neither.mp4,True,False,21.59976290166378
swap_milk_tomato,wrong,milk,3,language_only,language_only,/data/zjc/workspace/ContextFlow/logs/quickstart/position_swap_object_25trials_20260922_175506/swap_milk_tomato/wrong/videos/pick_up_the_milk_and_place_it_in_the_basket/ep003_language_only.mp4,rollouts/swap_milk_tomato/wrong/videos/pick_up_the_milk_and_place_it_in_the_basket/ep003_language_only.mp4,True,True,21.636162538081408
swap_milk_tomato,wrong,milk,4,neither,language_only,/data/zjc/workspace/ContextFlow/logs/quickstart/position_swap_object_25trials_20260922_175506/swap_milk_tomato/wrong/videos/pick_up_the_milk_and_place_it_in_the_basket/ep004_neither.mp4,rollouts/swap_milk_tomato/wrong/videos/pick_up_the_milk_and_place_it_in_the_basket/ep004_language_only.mp4,False,True,21.663412692025304
swap_milk_tomato,wrong,tomato_sauce,0,language_only,language_only,/data/zjc/workspace/ContextFlow/logs/quickstart/position_swap_object_25trials_20260922_175506/swap_milk_tomato/wrong/videos/pick_up_the_tomato_sauce_and_place_it_in_the_basket/ep000_language_only.mp4,rollouts/swap_milk_tomato/wrong/videos/pick_up_the_tomato_sauce_and_place_it_in_the_basket/ep000_language_only.mp4,True,True,21.61123703047633
swap_milk_tomato,wrong,tomato_sauce,1,language_only,language_only,/data/zjc/workspace/ContextFlow/logs/quickstart/position_swap_object_25trials_20260922_175506/swap_milk_tomato/wrong/videos/pick_up_the_tomato_sauce_and_place_it_in_the_basket/ep001_language_only.mp4,rollouts/swap_milk_tomato/wrong/videos/pick_up_the_tomato_sauce_and_place_it_in_the_basket/ep001_language_only.mp4,True,True,21.77708439528942
swap_milk_tomato,wrong,tomato_sauce,2,language_only,language_only,/data/zjc/workspace/ContextFlow/logs/quickstart/position_swap_object_25trials_20260922_175506/swap_milk_tomato/wrong/videos/pick_up_the_tomato_sauce_and_place_it_in_the_basket/ep002_language_only.mp4,rollouts/swap_milk_tomato/wrong/videos/pick_up_the_tomato_sauce_and_place_it_in_the_basket/ep002_language_only.mp4,True,True,21.78001642227173
swap_milk_tomato,wrong,tomato_sauce,3,language_only,neither,/data/zjc/workspace/ContextFlow/logs/quickstart/position_swap_object_25trials_20260922_175506/swap_milk_tomato/wrong/videos/pick_up_the_tomato_sauce_and_place_it_in_the_basket/ep003_language_only.mp4,rollouts/swap_milk_tomato/wrong/videos/pick_up_the_tomato_sauce_and_place_it_in_the_basket/ep003_neither.mp4,True,False,21.759609416127205
swap_milk_tomato,wrong,tomato_sauce,4,neither,language_only,/data/zjc/workspace/ContextFlow/logs/quickstart/position_swap_object_25trials_20260922_175506/swap_milk_tomato/wrong/videos/pick_up_the_tomato_sauce_and_place_it_in_the_basket/ep004_neither.mp4,rollouts/swap_milk_tomato/wrong/videos/pick_up_the_tomato_sauce_and_place_it_in_the_basket/ep004_language_only.mp4,False,True,21.620116027072072
