task,episode,old_outcome,new_outcome,paired_initial_state_observation_rng,first_action_max_abs_difference
milk,0,neither,neither,True,0.2659930239473087
milk,1,neither,neither,True,0.11258413862156441
milk,2,neither,neither,True,0.120881857322374
milk,3,neither,neither,True,0.22557322259825435
milk,4,neither,neither,True,0.20742325409420898
milk,5,neither,neither,True,0.15615864586316403
milk,6,neither,neither,True,0.09954115050582757
milk,7,neither,neither,True,0.1929438105938511
milk,8,neither,neither,True,0.18132805068436736
milk,9,neither,neither,True,0.14986263525330468
milk,10,neither,neither,True,0.11298981136788408
milk,11,neither,neither,True,0.09835191632768359
milk,12,neither,neither,True,0.13577449527719931
milk,13,neither,neither,True,0.2690078540614833
milk,14,neither,neither,True,0.06997233617162324
milk,15,neither,neither,True,0.16910012890858822
milk,16,neither,neither,True,0.06944955946057685
milk,17,neither,neither,True,0.1741060207546789
milk,18,neither,neither,True,0.04200190798384584
milk,19,neither,neither,True,0.11064441500672467
milk,20,neither,neither,True,0.24585198444167874
milk,21,neither,neither,True,0.1372392128310393
milk,22,neither,neither,True,0.11520519972897025
milk,23,neither,neither,True,0.07893565786192623
milk,24,neither,neither,True,0.04468809034379395
tomato_sauce,0,neither,neither,True,0.04448777984817731
tomato_sauce,1,neither,neither,True,0.28304817995318865
tomato_sauce,2,neither,neither,True,0.07226956241495586
tomato_sauce,3,neither,neither,True,0.08393131221042371
tomato_sauce,4,neither,neither,True,0.24181233065620183
tomato_sauce,5,neither,neither,True,0.24135333404685358
tomato_sauce,6,neither,neither,True,0.30174769662936596
tomato_sauce,7,neither,neither,True,0.06343555470811213
tomato_sauce,8,neither,neither,True,0.0511040743132094
tomato_sauce,9,neither,neither,True,0.07107419733905418
tomato_sauce,10,neither,neither,True,0.126341209140564
tomato_sauce,11,neither,neither,True,0.12664675785253673
tomato_sauce,12,neither,neither,True,0.12110975431921422
tomato_sauce,13,neither,neither,True,0.049762549921900545
tomato_sauce,14,neither,neither,True,0.07043281033256132
tomato_sauce,15,neither,neither,True,0.07429136257581292
tomato_sauce,16,neither,neither,True,0.1157520629110401
tomato_sauce,17,neither,neither,True,0.16999841454911718
tomato_sauce,18,neither,neither,True,0.06609611223254724
tomato_sauce,19,neither,neither,True,0.07935741964464565
tomato_sauce,20,neither,neither,True,0.23412982907806223
tomato_sauce,21,neither,neither,True,0.08794753465381067
tomato_sauce,22,neither,neither,True,0.11611254797985066
tomato_sauce,23,neither,neither,True,0.16951304953307278
tomato_sauce,24,neither,neither,True,0.15077937046425233
